env_id,model,training_timesteps,n_eval_episodes,mean_reward,std_reward,mean_episode_timesteps,std_episode_timesteps,training_time_seconds
SailboatDiscrete-v0,PPO,100000,20,-199.105619,58.07611349582511,452.15,452.3239727405452,247.1312255859375
Sailboat-v0,PPO,100000,20,369.2433766,3.8898725163329377,1123.55,40.190958658568185,1220.4390835762024
Sailboat-v0,PPO,1000000,20,369.24337660000003,3.8898725163329377,1123.55,40.190958658568185,1220.4390835762024
